Player,Alternative Tags,,,,
@pinkbombo91,,,,,
+HOPE+,,,,,
~Phoebe~,~Fez~,,,,
$BK,,,,,
0a66b04b,WaDi,,,,
0mart,,,,,
111,,,,,
2a415fe4,Puppeh,,,,
2Garin,,,,,
2Scary,,,,,
33ぺらんbox,33Peranbox,,,,
3C,,,,,
3li_SSB,,,,,
4LRayonier,,,,,
67,,,,,
8BitMan,,,,,
9B,,,,,
A-Crown,,,,,
Aaron,,,,,
AaronBoyMan,,,,,
Abadango,あばだんご,,,,
abb,,,,,
Abida,,,,,
ABR,,,,,
AC,,,,,
adom,,,,,
AdrianSP,,,,,
ADverb,,,,,
aeschli,Crash,,,,
Aggrise,,,,,
AirLi,,,,,
aj__siv,,,,,
akasa,,,,,
AKFirez,,,,,
AKKO,,,,,
Aku,,,,,
Alab,,,,,
AlanDiss,,,,,
AlastairBL,,,,,
Aleixo,,,,,
AleX,,,,,
Alibrime,,,,,
alice,アリス,,,,
Allan,,,,,
Allidar,,,,,
alteR,stasyanski,,,,
Amaki,,,,,
Amaryllis,,,,,
Anality,,,,,
Anansi,,,,,
Anarchy,,,,,
Anathema,,,,,
Anbil,,,,,
AndresFn,,,,,
AndrewT,,,,,
Andrik,,,,,
Andru,,,,,
AnDy,,,,,
Andy,,,,,
Ang,,,,,
Anikai,,,,,
AnthonyIsntCool,,,,,
Antimony,,,,,
Ants,,,,,
Apex,,,,,
ApolloKage,,,,,
Apple Reviewer,,,,,
AppleWiz,Apple,,,,
Arain,,,,,
Arbok,,,,,
Architect,,,,,
Arkangel,,,,,
Armadillo,,,,,
Armads (HEM),Armads,,,,
aro,,,,,
Artist,Ever,,,,
Asaaj,,,,,
Asellus,,,,,
ASH,,,,,
Ashen,따개비루,,,,
Asimo,あしも,,,,
ASYM,,,,,
ATATA,,,,,
Atomic,,,,,
Atreus,Midnight,xXBuntaifan94000Xx,,,
AwaggKing,,,,,
Axem Chriz,,,,,
Axiom XL,,,,,
Ayapero,,,,,
Aychde,,,,,
Azabeth,,,,,
Azore,,,,,
Azrael,,,,,
Ázral,Azral,,,,
b1913ac1,Elegant,,,,
B4sedlord,,,,,
Banana,,,,,
Bananime,,,,,
Banjo,,,,,
Bapps,,,,,
BassMage,,,,,
Batrang,,,,,
BAvillain,,,,,
Bayo!,Turning Red,Thourning Red,Steve Master 666,Kitty Patitas Suaves,
BCLeo,,,,,
Bean,,,,,
beanmoney,,,,,
BeastModePaul,,,,,
Bedgar,Jayce,,,,
Beet,,,,,
BeJay !,BeJay!,,,,
Benca,,,,,
Bernie,,,,,
Bestia,,,,,
BetaMan,,,,,
Bethly,贝丝莉,,,,
BHIO,,,,,
big chungus,,,,,
Big D,,,,,
Big Red,,,,,
Big Stew,BigStew,,,,
BigFatTurtle,,,,,
BigFred,,,,,
BigLord,,,,,
BIGTTARFAN600,maidan,Pwner,,,
Bittersweetsymphony,,,,,
Bl4ck,,,,,
Blackrenown,,,,,
Blacktwins13,Blacktwins,,,,
Blas,,,,,
Blaze,,,,,
Blazed,,,,,
Bloom4Eva,,,,,
BlueDemon,,,,,
Blueka,Bayoncé,Bayo Minaj,,,
Blues,,,,,
Bocchi,,,,,
Bomboozler,Edmond,,,,
Bonilla,,,,,
Bookius,,,,,
Br1 AV,,,,,
Brain Power,,,,,
Braixen,,,,,
Brando,,,,,
BreadStick,,,,,
BriAutumn,,,,,
Bro1,,,,,
BT.YAMATO,,,,,
Bubbles,,,,,
Burnlight,,,,,
Burst,NotAYoshiMain,NamikazeBurst,,,
Bushaheen,,,,,
bushihunzi,,,,,
C-Salt,,,,,
Cali,,,,,
Calvaflow,,,,,
Cam ping,Cam,,,,
Candle,thirty4,,,,
Cantu,,,,,
Capitancito,,,,,
Captain L,,,,,
Castle,,,,,
Catalyst,,,,,
Catalyxx,,,,,
CC/Ultm salt,Ultm salt,Ultimate salt,,,
ced,cedfund,,,,
Chag,,,,,
Charlie,,,,,
Charliedaking,,,,,
Chase,Yuno,,,,
Chazz,,,,,
Chazz ,,,,,
CheesetheGamer,,,,,
ChetKie,,,,,
chicken,ちきん,,,,
chipotle,,,,,
Choco,ちょこ,,,,
Chokeyuken,,,,,
CHOSEN,,,,,
Chronos,,,,,
ChunkyKong,,,,,
CK,,,,,
Clay,,,,,
Clement,SuperStriker,Clement.,,,
Clique,,,,,
Cloudy,,,,,
CloudZX,,,,,
Coach Ben,<-/ben,,,,
Cobra,,,,,
Coleman,,,,,
Colga roon,When_Lie,,,,
Con_Gaming,,,,,
conbeef,,,,,
Confnin,Confolio,Big Conf,TeaTimeTony,,
Connor,,,,,
Connor,,,,,
Conquest,,,,,
Cormeme,,,,,
Corraje,,,,,
Corvo,,,,,
Cosmos,,,,,
Creeperconstable,,,,,
crêpe salée,crepe salee,,,,
Crisam,,,,,
Criswindstorm,,,,,
Croi,,,,,
Cruise,If You lose to me U Suck,CREWS,,,
CurryGovernor,,,,,
Cyan,,,,,
Cyan,,,,,
D’Taku,D'Taku,,,,
D$rex,$$D$rex$$,,,,
D3,,,,,
Dabuz,,,,,
DannyDarko,DYNAMIC,,,,
Dany,,,,,
DanyBoy,,,,,
Dark Wizzy,,,,,
Dawn,,,,,
Dayyy,,,,,
daze,,,,,
DC,,,,,
DD,,,,,
DDee,,,,,
DDIS,,,,,
Deck,,,,,
DeepFreeze,,,,,
Deer,,,,,
Demon,,,,,
Denos,,,,,
Deox6,,,,,
DERBAS,,,,,
Desmona,,,,,
Destany,,,,,
devastator,,,,,
DeVi,Dheiwkbsjenwisnbd,DeviTangerine,,,
Deviljhoey,,,,,
Dexter,,,,,
Dez,,,,,
Dh Hunter,Hunter,,,,
Dia,,,,,
Diesel Booster,,,,,
DIO,,,,,
Dio_UwU,,,,,
Divine,,,,,
dixy,,,,,
Dmitrii,,,,,
Dmo,,,,,
Domino,ドミノ(Domino),,,,
Doomblaze,,,,,
Doorstop,,,,,
doperman,,,,,
Double,,,,,
Dr. BustDown,,,,,
DragonFruit,,,,,
DragonSlayer,,,,,
Draxsel,,,,,
Drayv,,,,,
Drifter,,,,,
Duplex,,,,,
Dura,,,,,
DYn,,,,,
EB Kub4444,Kub4444,,,,
Echofire,Setsuna Yuki,,,,
ECruz,,,,,
Ed^,,,,,
Egiru,,,,,
Eim,,,,,
EKING,,,,,
ekzLeon,,,,,
Eldin,,,,,
Eleya,,,,,
Elgin,,,,,
elijmin,,,,,
Elio,,,,,
Elvis,,,,,
Emann,,,,,
eMass,Joyboy,,,,
embo_z,,,,,
Emi!!,,,,,
enhancedpv,,,,,
Ente,perry das schnabeltier,,,,
Epic_Gabriel,Epic Gabriel,,,,
eric42,,,,,
Eros,Nobu,,,,
Ertiga!,Ertiga,,,,
ESAM,,,,,
Escurridizo,,,,,
Estus,,,,,
Etsuji,えつじ,,,,
Exodia,,,,,
extra!?,Extra,,,,
Eyeris,,,,,
FABS,,,,,
Fairess,,,,,
Fairy Seal,,,,,
Fancy,,,,,
Fatality,,,,,
fatejj,fatejj(草產）,草產(fatejj),草產（fatejj）,fatejj(草產),無上劍主
Fendeavor,,,,,
Ferps,,,,,
Ferstu,,,,,
firefly,,,,,
Fireguy10XX,Nova,,,,
firstbones,,,,,
Flappy,,,,,
FLOR,,,,,
Flow,,,,,
Foo Fighters,,,,,
Forze,,,,,
FOW,,,,,
Fr33z3Flam3,,,,,
FRauDFiSH,,,,,
frawg,,,,,
Frido,,,,,
Fryd Ryce,,,,,
FuerzaDON,,,,,
Fuzzydyne,,,,,
GaBo,,,,,
Gachipi,がちぴ,,,,
Gack's,,,,,
Gackt,がくと,,,,
Galdur Kær,Seether,,,,
Gamerdog,,,,,
GANDIX,,,,,
GarBel,,,,,
Garo,,,,,
GARU,,,,,
gaze,,,,,
Gedestra,,,,,
Geist,,,,,
Gen,,,,,
Genialo,,,,,
Geovanny,,,,,
Gerald,,,,,
Ghost,BrickEnthusiast,,,,
Ghoul979,,,,,
Glaceon,,,,,
Glutonny,,,,,
Go_,,,,,
Goblin,goblin deez,,,,
GoDMoDe,,,,,
Gogeta,,,,,
Gohenko,,,,,
GoofyGoober,,,,,
GotM,,,,,
Gotou,,,,,
Grape,,,,,
Grievous,1004,Wawa?!,Grievxus,,
Grim,,,,,
GRPB,,,,,
Guilheww,,,,,
Gumanku,,,,,
GuyGuy,,,,,
H4,,,,,
Hades,,,,,
Hagemanto,,,,,
happy,,,,,
Harlonga,,,,,
haruka.,,,,,
hat,Hat Isaac,,,,
Haunter,,,,,
Hawk,,,,,
haytem,,,,,
Headshot,,,,,
Heaven,,,,,
HELA,,,,,
HENRY LUMA,Luma,,,,
Herr Oberst Nu,,,,,
HeyItsZero,,,,,
Hidden,,,,,
HIDE,ひで,,,,
HIKARU,,,,,
Hohsis,,,,,
Homika,,,,,
Hudet,,,,,
Huezo,,,,,
Hurt,㍿Hurt,,,,
Huto,フト,,,,
Hydro,hydrofx,,,,
HyperKirby,Mugen,,,,
IamGhost,,,,,
Iberyes,,,,,
Icebear,,,,,
Ichigo,,,,,
IcyK,,,,,
IcyMist,,,,,
iHasoon,,,,,
Ikan,,,,,
Ike,あいく,,,,
iModerz,,,,,
ioppppo,,,,,
Isco,,,,,
iStudying,,,,,
J,,,,,
J-Snake,,,,,
J3ly,,,,,
Ja-Nox,,,,,
Jade,,,,,
Jagaimo,じゃがいも,,,,
Jahzz0,,,,,
Jai2go,,,,,
Jaime,,,,,
Jaka,,,,,
Jakal,,,,,
Jake,,,,,
James_102,,,,,
Jamie,,,,,
Jammz,,,,,
Jams,,,,,
jaredisking1,,,,,
Jarr,,,,,
Jarr,,,,,
Javi,,,,,
JaviCN,,,,,
Jay,,,,,
JaZaR,,,,,
JB,,,,,
Jdizzle,,,,,
JDV,,,,,
Jecofi,,,,,
Jegerlilla,,,,,
Jess,,,,,
Jhosu,,,,,
Jigle,,,,,
jinjo,Cohen,Coh,,,
Jix,,,,,
jjcat00,DQMasterLasagna000000000,,,,
JM,,,,,
Jman Delt*,,,,,
Jodgers,,,,,
Joe,,,,,
Joesse,,,,,
Joey,,,,,
Jogibu,Jogibu/じょうぎぶ,じょうぎぶ,,,
John,,,,,
Johto,,,,,
Joker,,,,,
Joker,,,,,
Jolt,,,,,
Jon Bombo,JB,Jonathon Bombathon,Googlemaps,,
Jonhy,,,,,
Josmarlu,,,,,
Joz.,,,,,
JP,,,,,
jT,,,,,
Jules,,,,,
Just Blue,,,,,
Justice,,,,,
jyo1,,,,,
K. Kool,,,,,
K11,,,,,
K3D,,,,,
Kabayeezy,,,,,
kaedegi,楓木,,,,
Kaido,,,,,
Kakpu,,,,,
Kameme,かめめ,,,,
Kami,,,,,
Kandif,,,,,
Kanga,Keen,,,,
Kaninabe,かになべ,,,,
Kapito22,KazuyaFan22,,,,
Kappy,,,,,
Karakuri,,,,,
Karpador64,,,,,
Kass,,,,,
Kazuya virus,,,,,
KEN,,,,,
kept,,,,,
Kerbooples,,,,,
Kerp,,,,,
Keutz,,,,,
KHS,,,,,
KID,,,,,
Kie,きぃ,,,,
Kinaji,,,,,
King,,,,,
Kira,,,,,
Kirb0,,,,,
KirbyPoyo,,,,,
Kishiru,キシル,キシル/Kishiru,,,
KJ,,,,,
Klopsiak,,,,,
Kobe,,,,,
Kodra,Royal,,,,
Kola,SALTONE,,,,
Kome,コメ,,,,
Konari,,,,,
Konkreto,,,,,
Koolst3r,,,,,
Koopius,,,,,
Kowalski_023,,,,,
Krimson101,,,,,
KRY,K_R_Y,,,,
Kryss,,,,,
Kurama,,,,,
Kuro1_Fury,,,,,
ky-9,,,,,
KyeChimera,,,,,
L,,,,,
LA GRIMACE,,,,,
La_Lapin,,,,,
Lalini,,,,,
Lammers44,,,,,
Lancelot,,,,,
LAO9,,,,,
Larry Lurr,,,,,
latios,jihyo please call me,,,,
Law,,,,,
Lea,れあ,,,,
Leaf,りーふ,,,,
Leaf ,,,,,
Leffen,,,,,
Legacy,,,,,
Legaia,,,,,
legend,,,,,
leggasiini,,,,,
Lemmon,,,,,
Leon,,,,,
LeoN,,,,,
LeoRyu18,,,,,
Lets talk,,,,,
Lids,big lims in timbs,,,,
Light,,,,,
Light ,,,,,
Lima,,,,,
LIMa,,,,,
Ling,,,,,
LiORi,,,,,
Liyrex,,,,,
Lkos,McLkos,,,,
loaf,,,,,
loaf,,,,,
Locoto,Lokoto,,,,
Lohan,,,,,
Loi,,,,,
lolyoshi,,,,,
LoneZen,,,,,
Longo,,,,,
Lookkrung,,,,,
Lucas,,,,,
Lucastrupa,,,,,
Lucky,,,,,
Lucm3,,,,,
Luco,,,,,
Ludo,,,,,
Lui$,Luis,,,,
LuiS,,,,,
Luisfer,,,,,
Lukas,,,,,
Lukewarm,KirbyKid,,,,
Lukitu,,,,,
Luma,,,,,
LumaKing,,,,,
Luugi,,,,,
Lv.1,,,,,
Ly,,,,,
Lyfja,,,,,
Lynard Killer,,,,,
LynZle,,,,,
M,Starlord,,,,
M0tsunabE,Motsunabe,もつなべ,,,
M4d_Ara,,,,,
M4E,,,,,
MA,,,,,
Machu,,,,,
Mada,,,,,
Magician,,,,,
Maister,,,,,
Mait,,,,,
MALDO,,,,,
Maltl0af,GyozaGPT,Maltloaf,,,
Mandy,,,,,
Mantolio,,,,,
Many,,,,,
Mapelgold,,,,,
Maplemage,,,,,
Marcane,,,,,
Marcio,,,,,
MariyoTree,,,,,
Maroli,,,,,
Maroof,,,,,
Marroll,,,,,
Marshall,,,,,
Marss,,,,,
MASA,,,,,
MasterKill,Sabo,,,,
Mastronarde,,,,,
Mauu,,,,,
MazeBeans,,,,,
Mb Nix,Nix,,,,
MC,,,,,
McBlaze,,,,,
McChutney,,,,,
Meercko,,,,,
MeetLeo,,,,,
MEGA CHAD,,,,,
Megamac,,,,,
MelihMegron,,,,,
melon,king_chris,Lights,big blue fan1,Uzuri,Silver
Meme,,,,,
MemeGunner,,,,,
Menma,,,,,
Meru,,,,,
Mess,,,,,
Metabug,,,,,
Metara,めたら,,,,
Metsu,,,,,
Mezcaul,,,,,
MFA,,,,,
Middnights,,,,,
MindReader,,,,,
Mirai,May,SUPERBIGMARIOFAN,,,
Mistake,tamim,,,,
Mitsu,,,,,
MKBigBoss,BigBoss,,,,
MkLeo,,,,,
Mo,,,,,
MoDzai,,,,,
Moe ඞ,Ing. Peru,Peru,Ing. Peruඞ,Moe,
mojobones,,,,,
Momo,,,,,
Momo!,,,,,
Monte,,,,,
Moo,,,,,
moom,,,,,
MordeCloud,Joules Axoloth,,,,
morrocoYo,,,,,
Morsalsa,,,,,
Mox,,,,,
moxi,Pandarian,,,,
moxi,,,,,
MPg,,,,,
mR noMad,,,,,
Mr. E,,,,,
Mr. F,,,,,
Mr.Arska,,,,,
Mr.R,Mr. R,,,,
Mr.Rezee,,,,,
MrLasagna,,,,,
MRW,,,,,
MtKat,,,,,
Mukuro~,DarkThunder,,,,
Munekin,むねキン,,,,
Mursu,,,,,
Mustaine,OG-Mustaine,,,,
MuteAce,,,,,
MVD,,,,,
MVL,,,,,
MyNameIs67,,,,,
Myran,,,,,
Mysterio,,,,,
Mystikmol,,,,,
n1an,Nian,,,,
Nabster,,,,,
Nabtah,,,,,
NadiA,,,,,
NaetorU,,,,,
Nair^,,,,,
naitosharp,Sharp,,,,
Nao,なお,,,,
Naranja,,,,,
Narco,,,,,
Naskino,,,,,
Nathan,,,,,
NathanBoneCrush,,,,,
NCF | Canadien Poutine,Canadien Poutine,Poutine,,,
Ned,,,,,
Neeroz,,,,,
Negima,,,,,
Neo,,,,,
Nero,,,,,
Nery,,,,,
Nessboy12,,,,,
NETOmx,,,,,
NEXUS,,,,,
Nexus,,,,,
NFL,,,,,
Nibodax,,,,,
Nicko,,,,,
Nietono,にえとの,,,,
Nightmare,,,,,
Niko,,,,,
Niranira,Ttam,,,,
Niranira,Ttam,,,,
Nito,,,,,
Nitox,,,,,
No.17,17,,,,
NocoBros,ノコブロス,,,,
Noel,,,,,
NOGGOD,NOGGIE,,,,
Noi,のい,,,,
Noke,,,,,
Noktuz,,,,,
Nomad,,,,,
NoTag,,,,,
NoTag,,,,,
NotBrayden,,,,,
NoU,,,,,
Noway,,,,,
NStheSN,,,,,
ö=べりまき,べりまき,Berimaki,,,
OBESOO,,,,,
Oblivion129,,,,,
OBVIO GL,,,,,
Ocon,,,,,
Octave,,,,,
Offline,,,,,
Ogey,,,,,
Ok,,,,,
Okair,,,,,
omega,,,,,
OmegaVitor,,,,,
OmniMoM,,,,,
Onin,Xx_Aw3sum$t3veMa1n_xX,Pocket,,,
Ontos,,,,,
Oolong,Red Oolong,,,,
Opsine,,,,,
Orange,,,,,
Oryon,,,,,
Otakuni,,,,,
otek,,,,,
Ouch!?,,,,,
OwlBBs,,,,,
Oyasumi,,,,,
Pacha,Pachisss,,,,
Paco,,,,,
Pain!,,,,,
Pancakes,,,,,
Pango,,,,,
PapaCharly,,,,,
Parchi,,,,,
Parma Jawn,Ignaize,,,,
Paroka,,,,,
Paseriman,ぱせりまん,,,,
Patience,,,,,
PATOO,,,,,
PaulBaulo,,,,,
Peabnut,,,,,
Peanut,,,,,
Peckham,,,,,
Pelca,,,,,
Peli,,,,,
Pellon,X-Pellon,,,,
Penn,Pennsmash!,,,,
Pepo,,,,,
Peppa,,,,,
Perezoso,,,,,
Perla,,,,,
Picotera,,,,,
PillowTalk Thee Stallion,PillowTalk,,,,
Pineda,,,,,
Pink Fresh,,,,,
Pipwolf,,,,,
PK,,,,,
PK,Heru,,,,
PkChris,,,,,
Player 7,,,,,
PlayingAround,,,,,
Pollitopio,,,,,
Polty,,,,,
Poppt1,,,,,
Poro,,,,,
Potato,,,,,
Pow,,,,,
Poyo,,,,,
PrinceDemo,,,,,
PRoM,,,,,
ProtoBanham,プロトバナム,,,,
PSI Force,,,,,
PsineWave,,,,,
PsY,,,,,
Ptsd,Time?,,,,
Quandale Dinglelingleton,DDog,,,,
Quaylectra,,,,,
Quaylectra,,,,,
Quidd,,,,,
quiK,,,,,
Quote,,,,,
R4YM0ND,,,,,
Raarchyor,,,,,
raelu,,,,,
Raflow,,,,,
Rage,"Rage, The real one",,,,
Raider,,,,,
Raiko,,,,,
Raikoss,,,,,
Raleck,,,,,
Ranai,,,,,
Rapires,,,,,
Raul,,,,,
Ravenking,,,,,
Rayo,,,,,
Rayquaza07,,,,,
RaZe,,,,,
Raziek,,,,,
rebs,,,,,
Regal,,,,,
Regalo,,,,,
Regi Shikimi,,,,,
ReiDianita,,,,,
Relwrd,,,,,
ReN,,,,,
renard,,,,,
Reno,れの,,,,
Repo,れぽ,,,,
reridse,,,,,
Revolver,,,,,
Rhougue,,,,,
Riddles,,,,,
RIGONARDO,,,,,
Riku,,,,,
Rinor,,,,,
Ripka,,,,,
Ripto,,,,,
Risas,,,,,
Risette,,,,,
Rivers,,,,,
Rizeasu,りぜあす,,,,
RkVishko,,,,,
rm8,,,,,
ROBOT3050,,,,,
Rocke,,,,,
RockMan,,,,,
rohan doge,,,,,
Romeo Santos,,,,,
Rox,,,,,
RuaanRuaan,,,,,
Ryan,,,,,
Ryng,,,,,
S1rlo,,,,,
SA Q,Q,,,,
Sabi01,,,,,
saboten,さぼてん,,,,
Sage Mode,,,,,
Sagetech,,,,,
Salmerón,,,,,
Saltlord,,,,,
sam,,,,,
San,,,,,
Sandro,,,,,
Saosin,,,,,
SassyFlygon,,,,,
Sausage,,,,,
Sayhnim,,,,,
Scend,,,,,
Scrull-,,,,,
Sean,,,,,
SeaRabbits,,,,,
SebPro101,,,,,
Seco,,,,,
Sefaro,,,,,
Selkie,Selkie! >.<,nymphia,espeon,skittish waif,
Senn,,,,,
Serge,LOscar,L'Oscar,,,
SHADIC,,,,,
Shadow,,,,,
Shaka,,,,,
Shaker,,,,,
shanes,,,,,
SHARPY,SHARPYZAR,Sharpyzard,VZNO,,
Shaveh,GANGSTER PRINCE.,,,,
Shellot,,,,,
Shen~,illya~<3,illya,,,
Shiba,,,,,
ShinyMark,,,,,
shion,,,,,
Shirayuki,シラユキ,,,,
shmax,,,,,
Shmu,,,,,
Sho,DSS,,,,
Shoe,,,,,
Shogun,しょーぐん,,,,
Shop,,,,,
showers,シャワーズ,,,,
shoxas,,,,,
shrutik,nazura,,,,
Shuck3y,,,,,
Shunitsu,,,,,
Shuton,しゅーとん,,,,
Sigma,シグマ,,,,
Sikey,,,,,
Silver,,,,,
Sinji,,,,,
Sintro,,,,,
Sir Samo,,,,,
Sisqui,,,,,
Six_Zhero,Six Hero,,,,
Skeleton,,,,,
Skinny the Pooh,,,,,
SKIPPER,,,,,
skittles,SKITTLES!!,,,,
SKPeter,,,,,
Skullkid,,,,,
SkWiirrel,,,,,
Skye,,,,,
Skye,,,,,
Skyjay,,,,,
Slash,Goodbyes,The Strongest,,,
SlawpiPawpi,,,,,
Slick,,,,,
Slowpoke,,,,,
Slvr,,,,,
Smallleft,,,,,
Smat,,,,,
Smear,,,,,
Smokk,,,,,
smub,,,,,
SMX199,,,,,
Snook,,,,,
Soar,,,,,
soh,,,,,
Solar,,,,,
Solis,,,,,
SOLO,,,,,
Solobattle,,,,,
Sonido,,,,,
Sonix,,,,,
Sora Asakura,,,,,
soudsamus,,,,,
SP1,,,,,
Space,,,,,
SpamCop,,,,,
Sparg0,,,,,
Spickles,,,,,
Spiderpeta,Batipeta,,,,
Spike,,,,,
Spyder,,,,,
SquidGrilla,,,,,
SquidNinja,,,,,
Squidplumber,,,,,
Sriks,,,,,
Ssabado Gigante,,,,,
SSJ3,,,,,
sssr,,,,,
Ssunflower,,,,,
Stacked,,,,,
Starbadger,,,,,
Starlad,,,,,
Starlee,,,,,
StarMod,,,,,
SteelRhydon,Steel Rhydon,,,,
Stelar,,,,,
Stocktaker69,Stocktaker,,,,
Stryfe,Fetrys,,,,
Stylos,,,,,
Styx,,,,,
Suarez,,,,,
Suinoko,すいのこ,,,,
Sunny,,,,,
Supahsemmie,,,,,
Superberry,,,,,
SuperDog,,,,,
SwL,,,,,
Syrup,Keshi EBoy,,,,
T,,,,,
T3 DOM,,,,,
Tacobros,,,,,
Taicho,,,,,
takera,,,,,
Tales,,,,,
Tamaふゆ,Tama,,,,
Tanark,,,,,
TapuMelee,,,,,
Tarik,,,,,
Tashi,,,,,
Tavares,Awdio,ChillyChilli,,,
Tavirow,,,,,
TBerns,,,,,
Tea,てぃー,,,,
Teaser,,,,,
Teehee!,,,,,
TehBlueOne,,,,,
Terrarian,,,,,
TG(トリグリ),トリグリ,Toriguri,TG（トリグリ）,,
Thank,,,,,
The favy,,,,,
THE SCHMIXTAPE,B.G. Tao,Taoudi,,,
TheHuzz,,,,,
Theyla,,,,,
Thorn,,,,,
ThymeBalloon,,,,,
Tickle,,,,,
Tilde,,,,,
Toast,,,,,
Toasted,Mayonator,Lavender,,,
TOGURO,Toguro-戸 愚 吕 弟,,,,
Tolok,,,,,
Tom,,,,,
Ton,,,,,
Tooky,,,,,
toughsnow,,,,,
TriM,,,,,
Trim,,,,,
Triple,,,,,
Trucks,,,,,
TrueGek,,,,,
Tsu,つー,,,,
Tsubotsubo,つぼつぼ,,,,
Tsumusuto,つむすと,,,,
tsun,,,,,
Tu Papá,Tu Papa,Gabs,,,
Tuitt,,,,,
Turn Up,,,,,
TV/シダレザクラ,シダレザクラ,Sidarezakura,,,
Tweek,,,,,
Twi,,,,,
TXK7-TraX,TraX,,,,
Tyranks,,,,,
U,,,,,
Umeki,うめき,,,,
Unfezant,,,,,
Utop-ian,,,,,
Vallu,,,,,
Vanitas,,,,,
Vapor,,,,,
Vapor ,,,,,
varun,,,,,
Vendetta,,,,,
VenJimX,,,,,
Venom,,,,,
vest,,,,,
veto,,,,,
Vi,,,,,
Vidad,,,,,
VNB | Mark,Mark,,,,
VoiD,,,,,
VON,,,,,
W4wambo,,,,,
Wabz,,,,,
Waga,,,,,
WagThoG,,,,,
WaKa,,,,,
Wasac424,,,,,
Waymas,,,,,
Weijie01,,,,,
Weste,,,,,
Who,,,,,
Whoophee,,,,,
Widara,,,,,
Wildz,,,,,
william,,,,,
William,,,,,
Willye,,,,,
Wise,,,,,
Wolfen,,,,,
Wombat,,,,,
Wonf,,,,,
Wrath,,,,,
Wulfy,,,,,
Xaïk,Xaik,,,,
Xaiop,,,,,
xavier,,,,,
XCido,,,,,
Xerzal,,,,,
Xerzal,,,,,
Xetroz,,,,,
XF0,Person,,,,
xigua,西瓜,,,,
xSolozx,,,,,
Xtorm,,,,,
Xyxeon,Xeon,,,,
y0lT,,,,,
Yan,,,,,
Yaura,ヤウラ,,,,
YB,,,,,
YBL,,,,,
YDelirious,,,,,
Yei,Steven V.,,,,
yesn't,,,,,
Yetey,,,,,
Yez,,,,,
Yiazmat Goat,Yiazmat Goth,,,,
YOC,,,,,
Yoda Cage,,,,,
Yone,,,,,
yonni,,,,,
yooo冰,,,,,
YoseFu,,,,,
Yoshi_95,,,,,
Yoshidora,ヨシドラ,,,,
Yourbro,,,,,
Yousef2AT,,,,,
Yuka!,,,,,
yuki_is_asleep,Yuki,,,,
Yuri,,,,,
yuzu,,,,,
Yン,Yn,,,,
Z,,,,,
Z-ONE,,,,,
Z1LV3RFLOW,CHILEFLOW,,,,
Zac,,,,,
zackray,ザクレイ,,,,
Zafire,,,,,
zaK9999,,,,,
ZAKI,,,,,
ZanT,,,,,
ZapaRoach,Zapa Roach,,,,
ZartZu,,,,,
ZD,,,,,
Zekip,,,,,
zell,,,,,
Zemmol,,,,,
Zenonyte,,,,,
Zeon,,,,,
Zerin,,,,,
Zick,,,,,
Zie,,,,,
Zie,,,,,
Ziffy,,,,,
Zigzag,,,,,
Zinoto,,,,,
Zio,,,,,
Ziude,,,,,
Zomba,,,,,
Zoro,Sly,,,,
Zozef,,,,,
zurich316,,,,,
ΩRugal,OmegaRugal,Rugal,,,
あーす,Earth,,,,
あcola,acola,,,,
アイゴスキー,Aygoski,,,,
アイゴスキー,Aygoski,,,,
アカキクス,Akakikusu,,,,
アキオ,Akio,,,,
アザラッシュ,Azarush,Azarasshu,,,
あとりえ,Atelier,,,,
あんこ,Anko,,,,
いーじす/ Ezs,いーじす,Ezs,Aegis,,
イナ_フェノン,Ina_Phenon,,,,
いんぜりー,Injelly,,,,
ウスケザ,Usukeza,,,,
エース,Ace,,,,
エイク,Eik,,,,
エルレゴー/ElleGo,ElleGo,エルレゴー,,,
おいじょーじ,"Oi, George",おいジョージ,,,
おおもり,Oomori,,,,
おがとう,Ogatou,,,,
おび,Obi,,,,
オムアツ,Omuatsu,,,,
かえる,Kaeru,,,,
かしや,Kashiya,,,,
からあげ,Karaage,,,,
カルメろ,Carmelo,,,,
きょう,Kyou,,,,
ギンタマ,Gintama,,,,
ぐーり,Gu-ri,Guri,,,
クウヤ,Kuu8,KuYa,,,
くしゃる,Kusharu,,,,
クルトワ,Kurutowa,,,,
こじかよしお,Kojika Yoshio,,,,
ゴリオカ,Gorioka,,,,
サムスアラン,Samus Aran,SA,,,
シッショー,Shissho,,,,
じゃがバター,Jagabata,,,,
シャドウ,syadou,,,,
シュピ,Shupi,Syupi,,,
ショーリミ,Sho Limit,,,,
しん,Sin,,,,
スガなんです,Suga Nandesu,Suganandesu,,,
スノー,Snow,,,,
せんら,Senra,,,,
たいけい,Taikei,たいけい/Taikei,,,
たいしょー,Taishow,,,,
たまPだいふく,TamaPDaifuku,,,,
ちょんれん,Chonren,,,,
ツナ,Tsuna,,,,
ツバキ,Tsubaki,,,,
つばき,Tsubaki,,,,
とうふ,Tofu,,,,
トウラ,Toura,,,,
ドラ右,Doramigi,ドラみぎ,ドラえもんの右腕,,
トリガー,TRIGGER,,,,
ななみ,Nanami,,,,
なにがし,Nanigashi,,,,
にごう,Nigou,,,,
にぜまも,Nizemamo,,,,
にとせんき,Nitosenki,,,,
のっとん,Notton,,,,
バニラ,Vanilla,,,,
はらせん,Harasen,,,,
ひで,Hide,,,,
ふぁいやー,Fire,F1re,,,
ふい,Fui,,,,
ふたりのきわみアー!,Futari no Kiwami Ah~!,ふたりのきわみアー！,,,
ぶるぅ,Blue,,,,
べじ,Beji,,,,
へろー,Hero,,,,
マイルズ,Miles,,,,
ましゃ,Masha,,,,
マネーライト,Moneyright,,,,
ミーヤー,Miya,ミーヤー/Miya,,,
みこ,Miko,,,,
みどるん,Midorun,,,,
みるかげ,Mirukage,,,,
もっつぁん,Mottsuan,,,,
ヤマナクション,Yamanaction,,,,
やまゆー,Yamayu,,,,
ヤンぶー,Yanbu,,,,
よこしゃーぷ,yoko#,,,,
らき,Raki,,,,
ラックス,Lax,,,,
らてぇ,Latte,,,,
ラリックス　　,Rarikkusu,ラリックス,,,
らる,Rarukun,らるくん,Raru,,
りてしあ,Riteshia,,,,
りど,Rido,,,,
リム,Rimu,,,,
りゅーおー,りゅーおー/Ryuoh,Ryuoh,,,
るけたす,ruketasu,,,,
ルミナス,Luminous,,,,
ロキてんどんまん,Loki Tendonman,,,,
ロッキー,Rokki,,,,
ロン,Ron,,,,
わたる,Wataru,,,,
わにぱち,Wanipachi,,,,
利根川,Pain,,,,
古森霧,komorikiri,,,,
小明,Xiao Ming,,,,
广东烧腊传奇,Guangdong Shaola Chuanqi,,,,
満足,Manzoku,,,,
维京VikingFire,VikingFire,,,,
英都/London,London,英都,,,
虫子,Chongzi,,,,
雨飴/uame,uame,雨飴,,,
风向,kkskcjy,Feng Xiang,,,
香蕉哥,BananaSlam,,,,